ID,Name,Age,Sex,Job,Housing,Saving accounts,Checking account,Credit amount,Duration,Purpose,Risk
0,Amall Leingang,67,male,2,own,NA,little,1169,6,radio/TV,good
1,Marelda Knoebel,22,female,2,own,little,moderate,5951,48,radio/TV,bad
2,Adalhard Sautter,49,male,1,own,little,NA,2096,12,education,good
3,Wilmot Natter,45,male,2,free,little,little,7882,42,furniture/equipment,good
4,Bronson Strehle,53,male,2,free,little,little,4870,24,car,bad
5,Reynald Wilhelms,35,male,1,free,NA,NA,9055,36,education,good
6,Markus Eyrich,53,male,2,own,quite rich,NA,2835,24,furniture/equipment,good
7,Arik Ristow,35,male,3,rent,little,moderate,6948,36,car,good
8,Rudiger Ploetz,61,male,1,own,rich,NA,3059,12,radio/TV,good
9,Wilpert Altenburg,28,male,3,own,little,moderate,5234,30,car,bad
10,Kuonrada Haselhorst,25,female,2,rent,little,moderate,1295,12,car,bad
11,Adele Fokken,24,female,2,rent,little,little,4308,48,business,bad
12,Idalie Kirchberg,22,female,2,own,little,moderate,1567,12,radio/TV,good
13,Riocard Munzer,60,male,1,own,little,little,1199,24,car,bad
14,Binga Statzer,28,female,2,rent,little,little,1403,15,car,good
15,Melisande Schleyer,32,female,1,own,moderate,little,1282,24,radio/TV,bad
16,Roch Schaf,53,male,2,own,NA,NA,2424,24,radio/TV,good
17,Selik Weyrauch,25,male,2,own,NA,little,8072,30,business,good
18,Wande Drummer,44,female,3,free,little,moderate,12579,24,car,bad
19,Derek Uhlhorn,31,male,2,own,quite rich,NA,3430,24,radio/TV,good
20,Amory Kaufhold,48,male,2,own,little,NA,2134,9,car,good
21,Kurtis Goelz,44,male,2,rent,quite rich,little,2647,6,radio/TV,good
22,Barret Hueser,48,male,1,rent,little,little,2241,10,car,good
23,Lorenz Schellhammer,44,male,2,own,moderate,moderate,1804,12,car,good
24,Luigi Mundhenk,26,male,2,own,NA,NA,2069,10,furniture/equipment,good
25,Einhardt Bake,36,male,1,own,little,little,1374,6,furniture/equipment,good
26,Aldrik Harz,39,male,1,own,little,NA,426,6,radio/TV,good
27,Waldhurga Molt,42,female,2,rent,rich,rich,409,12,radio/TV,good
28,Lambrett Graff,34,male,2,own,little,moderate,2415,7,radio/TV,good
29,Berdy Seiz,63,male,2,own,little,little,6836,60,business,bad
30,Anton Schaus,36,male,2,own,rich,moderate,1913,18,business,good
31,Roswell Schreck,27,male,2,own,little,little,4020,24,furniture/equipment,good
32,Eburhardt Packman,30,male,2,own,moderate,moderate,5866,18,car,good
33,Everard Harlacher,57,male,1,rent,NA,NA,1264,12,business,good
34,Karly Ballmann,33,female,3,own,little,rich,1474,12,furniture/equipment,good
35,Drugi Wormuth,25,male,1,own,little,moderate,4746,45,radio/TV,bad
36,Waldmunt Rehling,31,male,2,free,little,NA,6110,48,education,good
37,Neff Duren,37,male,2,own,little,rich,2100,18,radio/TV,bad
38,Fremont Wahlert,37,male,2,own,little,rich,1225,10,domestic appliances,good
39,Arik Kellen,24,male,2,own,little,moderate,458,9,radio/TV,good
40,Pepin Boehl,30,male,3,own,quite rich,NA,2333,30,radio/TV,good
41,Andreas Solinger,26,male,2,own,quite rich,moderate,1158,12,radio/TV,good
42,Sigmund Prechel,44,male,1,own,little,moderate,6204,18,repairs,good
43,Maximillian Kottman,24,male,2,rent,moderate,little,6187,30,car,good
44,Winifreda Kosterman,58,female,1,free,little,little,6143,48,car,bad
45,Irmine Roehr,35,female,3,own,little,NA,1393,11,car,good
46,Von Schaus,39,male,2,own,quite rich,NA,2299,36,radio/TV,good
47,Ballard Hottman,23,female,0,rent,quite rich,little,1352,6,car,good
48,Hugo Betzold,39,male,1,own,little,NA,7228,11,car,good
49,Maddalen Eister,28,female,2,own,moderate,NA,2073,12,radio/TV,good
50,Berowalt Fabrizius,29,male,1,own,NA,moderate,2333,24,furniture/equipment,good
51,Rune Hollander,30,male,3,own,little,moderate,5965,27,car,good
52,Burhardt Seiz,25,male,2,own,little,NA,1262,12,radio/TV,good
53,Dedrik Hackert,31,male,2,own,NA,NA,3378,18,car,good
54,Rich Kleinpeter,57,male,2,free,little,moderate,2225,36,car,bad
55,Silvester Birner,26,male,1,own,NA,NA,783,6,car,good
56,Ross Brenneman,52,male,3,own,NA,moderate,6468,12,radio/TV,bad
57,Gisilberhta Reuther,31,female,2,own,little,NA,9566,36,radio/TV,good
58,Ulrike Fenzel,23,female,3,own,little,rich,1961,18,car,good
59,Ghislaine Westerberg,23,female,1,rent,little,little,6229,36,furniture/equipment,bad
60,Nefen Glaser,27,male,2,own,little,moderate,1391,9,business,good
61,Herman Dorman,50,male,2,own,NA,moderate,1537,15,radio/TV,good
62,Rune Bork,61,male,3,free,little,moderate,1953,36,business,bad
63,Hildehrand Fitting,25,male,2,own,little,moderate,14421,48,business,bad
64,Halfrida Drexler,26,female,2,own,little,NA,3181,24,radio/TV,good
65,Penrod Krauth,48,male,2,own,NA,NA,5190,27,repairs,good
66,Elsje Lier,29,female,2,own,little,NA,2171,12,radio/TV,good
67,Dirk Schricker,22,male,2,own,rich,moderate,1007,12,car,good
68,Huldiberaht Roser,37,male,2,free,little,NA,1819,36,education,bad
69,Eadaion Steuer,25,female,2,own,NA,NA,2394,36,radio/TV,good
70,Adal Wasserman,30,female,2,own,little,NA,8133,36,car,good
71,Gerald Heinrich,46,male,1,rent,NA,NA,730,7,radio/TV,good
72,Penn Brehmer,51,male,3,free,little,little,1164,8,vacation/others,good
73,Bruna Hann,41,female,1,own,little,moderate,5954,42,business,good
74,Roderic Manns,40,male,3,own,NA,little,1977,36,education,bad
75,Wilfredo Zutz,66,male,3,free,little,little,1526,12,car,good
76,Altmann Linzer,34,male,2,own,little,little,3965,42,radio/TV,bad
77,Hewitt Hilgert,51,male,2,own,little,moderate,4771,11,radio/TV,good
78,Lorenz Herlinger,39,male,1,own,NA,NA,9436,54,car,good
79,Gustave Hinsch,22,male,2,own,little,moderate,3832,30,furniture/equipment,good
80,Loralei Oblander,44,female,2,own,NA,NA,5943,24,radio/TV,bad
81,Lothair Kittner,47,male,2,own,quite rich,NA,1213,15,radio/TV,good
82,Oda Bengel,24,female,1,rent,moderate,NA,1568,18,business,good
83,Karoline Loehr,58,female,1,own,little,little,1755,24,vacation/others,good
84,Roderik Hartstein,52,male,1,own,little,little,2315,10,radio/TV,good
85,Karlyn Mosteller,29,female,3,own,little,NA,1412,12,business,good
86,Alarice Schaller,27,female,2,own,little,moderate,1295,18,furniture/equipment,good
87,Williams Wolgemuth,47,male,2,free,moderate,moderate,12612,36,education,bad
88,Bren Preyer,30,male,3,own,moderate,little,2249,18,car,good
89,Martell Duffner,28,male,2,own,little,little,1108,12,repairs,bad
90,Schaffer Adelsperger,56,male,2,own,little,NA,618,12,radio/TV,good
91,Adalwen Exner,54,male,2,own,little,little,1409,12,car,good
92,Magnild Schindler,33,female,1,own,NA,NA,797,12,radio/TV,bad
93,Edingu Appelhans,20,male,2,rent,NA,rich,3617,24,furniture/equipment,good
94,Hubert Flor,54,male,2,own,rich,moderate,1318,12,car,good
95,Hackett Mehrhoff,58,male,2,rent,little,moderate,15945,54,business,bad
96,Tresa Paschke,61,female,2,own,NA,NA,2012,12,education,good
97,Berlyn Jackel,34,male,2,own,moderate,moderate,2622,18,business,good
98,Waldemarr Wambold,36,male,2,own,little,moderate,2337,36,radio/TV,good
99,Derrek Rager,36,male,3,rent,NA,moderate,7057,20,car,good
100,Terell Wissing,41,male,1,rent,moderate,NA,1469,24,car,good
101,Friedrich Meck,24,male,2,rent,little,moderate,2323,36,radio/TV,good
102,Helma Biller,24,female,2,own,little,NA,932,6,radio/TV,good
103,Fritz Sedler,35,male,2,rent,little,moderate,1919,9,furniture/equipment,good
104,Adalrik Meinholz,26,male,2,rent,NA,NA,2445,12,car,good
105,Oswald Banker,39,male,3,own,little,moderate,11938,24,vacation/others,bad
106,Orlan Wissing,39,male,3,own,little,NA,6458,18,car,bad
107,Fonzo Gretzinger,32,male,2,own,little,moderate,6078,12,car,good
108,Verene Andra,30,female,2,own,NA,little,7721,24,furniture/equipment,good
109,Baldwin Roetzer,35,male,2,own,quite rich,moderate,1410,14,business,good
110,Waldhramm Lossing,31,male,2,own,moderate,moderate,1449,6,business,good
111,Jakoba Rieber,23,female,2,rent,little,rich,392,15,education,good
112,Sigwald Augsburger,28,male,1,rent,little,moderate,6260,18,car,good
113,Geneva Wienke,25,female,2,own,little,NA,7855,36,car,bad
114,Howe Appelhans,35,male,2,own,quite rich,little,1680,12,radio/TV,good
115,Hubbard Lochmann,47,male,2,own,NA,NA,3578,48,radio/TV,good
116,Aloisia Berges,30,female,3,own,NA,little,7174,42,radio/TV,bad
117,Gertrud Karras,27,female,2,rent,NA,little,2132,10,furniture/equipment,good
118,Adalicia Dueck,23,female,2,own,quite rich,little,4281,33,furniture/equipment,bad
119,Gerold Pfluger,36,male,3,own,quite rich,moderate,2366,12,car,good
120,Leoda Zinn,25,female,2,own,little,little,1835,21,radio/TV,bad
121,Gisella Gerbracht,41,female,3,rent,little,NA,3868,24,car,good
122,Herrick Halleck,24,male,1,rent,little,NA,1768,12,furniture/equipment,good
123,Bitten Lulay,63,male,2,free,little,rich,781,10,car,good
124,Gunilla Frantz,27,female,2,rent,NA,moderate,1924,18,furniture/equipment,bad
125,Rodd Froebel,30,male,2,own,little,little,2121,12,car,good
126,Bannruod Buhr,40,male,1,own,little,little,701,12,radio/TV,good
127,Emery Justen,30,male,2,own,little,moderate,639,12,repairs,bad
128,Rollie Nofziger,34,male,3,own,little,moderate,1860,12,car,good
129,Kathe Mende,29,female,2,own,little,little,3499,12,car,bad
130,Marlena Welk,24,female,2,own,NA,moderate,8487,48,car,good
131,Herrick Lux,29,male,2,own,little,little,6887,36,education,bad
132,Tihalt Porath,27,male,1,own,little,NA,2708,15,furniture/equipment,good
133,Hamlet Glaser,47,male,2,free,little,NA,1984,18,furniture/equipment,good
134,Hildemar Hauer,21,female,2,own,moderate,NA,10144,60,radio/TV,good
135,Erna Riel,38,female,2,own,NA,NA,1240,12,radio/TV,good
136,Waren Kuechler,27,male,2,own,rich,NA,8613,27,car,good
137,Wilfrid Rieber,66,male,1,own,quite rich,moderate,766,12,radio/TV,bad
138,Robbie Plaster,35,male,2,own,NA,moderate,2728,15,radio/TV,good
139,Adal Kuechler,44,female,1,rent,little,rich,1881,12,radio/TV,good
140,Freddie Uehling,27,male,0,own,rich,rich,709,6,car,good
141,Edeline Gerhard,30,female,3,own,little,moderate,4795,36,radio/TV,good
142,Hewlett Jack,27,male,3,own,little,little,3416,27,radio/TV,good
143,Wilfred Hilgert,22,male,2,own,little,little,2462,18,furniture/equipment,bad
144,Geralynn Lentz,23,female,2,own,little,NA,2288,21,furniture/equipment,good
145,Treffen Banning,30,male,2,own,moderate,moderate,3566,48,business,good
146,Irma Lotzer,39,female,2,own,little,little,860,6,car,good
147,Erna Achen,51,female,2,own,moderate,NA,682,12,car,good
148,Odhert Holstein,28,male,2,own,little,little,5371,36,furniture/equipment,good
149,Emo Lehr,46,male,2,own,rich,NA,1582,18,radio/TV,good
150,Martel Fleischhacker,42,male,2,free,moderate,NA,1346,6,radio/TV,good
151,Meinke Schierman,38,male,2,own,little,NA,1924,10,radio/TV,good
152,Wendall Kriebel,24,male,2,own,little,rich,5848,36,radio/TV,good
153,Ordalf Knapke,29,female,2,rent,rich,moderate,7758,24,car,good
154,Willamar Wiand,36,male,3,rent,moderate,moderate,6967,24,business,good
155,Bemadette Ruppe,20,female,2,rent,little,little,1282,12,furniture/equipment,bad
156,Xiomar Prather,48,male,2,own,moderate,little,1288,9,repairs,good
157,Willaperht Otto,45,male,1,own,little,little,339,12,education,good
158,Herrick Kunz,38,male,2,own,moderate,moderate,3512,24,car,good
159,Bernardo Erath,34,male,1,own,NA,NA,1898,6,radio/TV,good
160,Hardy Sendelbach,36,male,2,own,moderate,NA,2872,24,radio/TV,good
161,Aloysia Thering,30,female,2,own,little,NA,1055,18,car,good
162,Adolphus Augsburger,36,male,2,own,quite rich,NA,1262,15,domestic appliances,good
163,Hobart Pickert,70,male,3,free,little,moderate,7308,10,car,good
164,Alfonso Rusch,36,male,2,own,quite rich,NA,909,36,car,good
165,Herman Gehl,32,male,2,own,quite rich,NA,2978,6,furniture/equipment,good
166,Hedwig Drexler,33,female,2,own,little,little,1131,18,furniture/equipment,bad
167,Gerwalta Garger,20,female,2,own,rich,moderate,1577,11,furniture/equipment,good
168,Sente Hauer,25,female,2,rent,little,NA,3972,24,furniture/equipment,good
169,Roderik Strehlow,31,male,2,own,little,moderate,1935,24,business,bad
170,Maximillian Fuge,33,male,2,rent,little,little,950,15,car,bad
171,Dell Kammeraad,26,female,2,own,little,NA,763,12,furniture/equipment,good
172,Suzanne Herres,34,female,3,own,little,moderate,2064,24,furniture/equipment,bad
173,Kort Bergt,33,male,2,own,little,moderate,1414,8,radio/TV,good
174,Cord Brosig,26,male,2,own,little,little,3414,21,education,bad
175,Gerhardina Bramer,53,female,3,own,NA,NA,7485,30,car,bad
176,Windell Kunz,42,male,2,own,little,little,2577,12,furniture/equipment,good
177,Rob Ballmann,52,male,2,own,quite rich,little,338,6,radio/TV,good
178,Rolando Wahlert,31,male,3,rent,little,NA,1963,12,radio/TV,good
179,Dedric Kerscher,65,male,2,own,little,little,571,21,car,good
180,Franz Buroker,28,male,2,own,little,NA,9572,36,business,bad
181,Adalbert Zeinert,30,male,3,own,little,moderate,4455,36,business,bad
182,Berrin Fintel,40,male,1,own,NA,little,1647,21,car,bad
183,Gofried Helling,50,male,2,own,rich,NA,3777,24,furniture/equipment,good
184,Bren Niederkorn,36,male,2,own,little,moderate,884,18,car,bad
185,Bannan Wahlert,31,male,2,own,little,NA,1360,15,radio/TV,good
186,Claudia Benter,74,female,3,free,little,moderate,5129,9,car,bad
187,Adalrik Kempter,68,male,0,free,little,moderate,1175,16,car,good
188,Erchanhardt Zens,20,male,2,own,moderate,little,674,12,radio/TV,bad
189,Gertrut Preyer,33,female,2,own,little,moderate,3244,18,furniture/equipment,good
190,Loritz Ploetz,54,male,3,own,rich,NA,4591,24,business,bad
191,Ardal Rau,34,male,1,free,moderate,moderate,3844,48,business,bad
192,Derrek Berl,36,male,2,own,little,moderate,3915,27,business,bad
193,Dirk Domer,29,male,2,rent,little,NA,2108,6,radio/TV,good
194,Berg Langreck,21,male,2,rent,moderate,moderate,3031,45,radio/TV,bad
195,Loranna Schaf,34,female,3,own,little,moderate,1501,9,education,bad
196,Gretchen Schillo,28,female,2,own,little,NA,1382,6,radio/TV,good
197,Blas Willenborg,27,female,2,rent,moderate,moderate,951,12,furniture/equipment,bad
198,Peppi Mittelstaedt,36,male,2,free,NA,moderate,2760,24,car,good
199,Lorah Brahm,40,male,3,own,little,moderate,4297,18,furniture/equipment,bad
200,Schaeffer Mosteller,52,male,2,own,quite rich,NA,936,9,education,good
201,Terrill Halleck,27,male,1,own,little,little,1168,12,car,good
202,Rodrik Unruh,26,male,2,own,little,NA,5117,27,business,good
203,Huldiberaht Harlacher,21,male,2,rent,little,little,902,12,education,bad
204,Erhardt Kreutzer,38,male,1,own,little,NA,1495,12,car,good
205,Wilber Endler,38,male,3,free,little,little,10623,30,car,good
206,Burhardt Nahm,43,male,2,own,little,NA,1935,12,furniture/equipment,good
207,Dutch Ruppe,26,male,2,own,little,moderate,1424,12,domestic appliances,good
208,Gary Aug,21,male,1,own,little,little,6568,24,business,good
209,Keifer Bittel,55,male,2,own,rich,NA,1413,12,car,good
210,Gary Konold,33,male,2,own,NA,NA,3074,9,radio/TV,good
211,Roderika Herfel,45,female,1,own,NA,NA,3835,36,radio/TV,good
212,Ame Forst,50,male,2,own,little,little,5293,27,business,bad
213,Emery Bihm,66,male,3,own,little,rich,1908,30,business,bad
214,Ahren Ruter,51,male,2,own,NA,NA,3342,36,radio/TV,good
215,Adalheid Birner,39,female,1,own,NA,moderate,932,6,education,good
216,Adalwolf Westerberg,31,male,2,own,little,little,3104,18,business,good
217,Diederich Greimann,23,male,2,own,little,rich,3913,36,radio/TV,good
218,Johann Kreikemeier,24,male,1,rent,little,little,3021,24,furniture/equipment,good
219,Winola Dueck,64,female,2,own,little,NA,1364,10,car,good
220,Sigfrid Husser,26,male,1,own,little,moderate,625,12,radio/TV,good
221,Marhilda Fisch,23,female,2,rent,NA,little,1200,12,education,good
222,Ekhard Buhr,30,male,2,own,little,NA,707,12,radio/TV,good
223,Emory Politz,32,male,2,own,NA,NA,2978,24,business,good
224,Maynard Strenge,30,male,2,own,little,NA,4657,15,car,good
225,Lambret Zink,27,male,2,own,little,NA,2613,36,repairs,good
226,Helmut Ballmann,27,male,2,own,rich,moderate,10961,48,radio/TV,bad
227,Amett Schweich,53,male,3,free,little,little,7865,12,furniture/equipment,bad
228,Alvaro Blumhardt,22,male,2,own,little,NA,1478,9,radio/TV,bad
229,Konni Maenner,22,male,2,free,little,little,3149,24,furniture/equipment,good
230,Mallory Saas,26,male,2,own,little,rich,4210,36,radio/TV,bad
231,Orbart Kehres,51,male,1,free,quite rich,NA,2507,9,car,good
232,Ramhart Kaus,35,male,2,own,moderate,NA,2141,12,radio/TV,good
233,Gerold Boehl,25,male,1,own,little,moderate,866,18,radio/TV,good
234,Alvaro Jenning,42,male,1,own,little,NA,1544,4,radio/TV,good
235,Dietz Lossing,30,male,3,own,little,little,1823,24,radio/TV,bad
236,Derry Krech,23,male,0,own,NA,moderate,14555,6,car,bad
237,Lambrecht Butt,61,male,1,rent,moderate,moderate,2767,21,business,bad
238,Emma Kutzke,35,female,2,own,little,NA,1291,12,radio/TV,good
239,Huldiberaht Plaster,39,male,2,own,little,little,2522,30,radio/TV,good
240,Winifrid Killian,29,female,2,own,NA,little,915,24,car,bad
241,Drugi Goller,51,male,2,own,little,NA,1595,6,radio/TV,good
242,Hewlett Mundhenk,24,male,2,free,little,little,4605,48,car,bad
243,Romilda Lossing,27,female,2,own,little,NA,1185,12,business,good
244,Gerde Unruh,35,female,1,own,quite rich,NA,3447,12,education,good
245,Jarmann Johann,25,male,2,own,little,NA,1258,24,business,good
246,Otis Heinrich,52,male,2,own,little,NA,717,12,radio/TV,good
247,Reggie Gruss,35,male,2,rent,moderate,NA,1204,6,car,good
248,Kulbart Winstel,26,male,2,own,little,rich,1925,24,furniture/equipment,good
249,Lurline Prock,22,female,2,rent,little,NA,433,18,radio/TV,bad
250,Jakobie Wissel,39,female,1,own,rich,little,666,6,car,good
251,Lorelei Bost,46,female,1,own,little,rich,2251,12,furniture/equipment,good
252,Monika Panke,24,female,2,own,little,moderate,2150,30,car,bad
253,Penn Glenz,35,male,2,own,moderate,NA,4151,24,furniture/equipment,good
254,Larenzo Katzenberg,24,male,2,own,NA,moderate,2030,9,furniture/equipment,good
255,Burlin Boegel,27,male,1,own,NA,moderate,7418,60,radio/TV,good
256,Ansell Lenger,35,male,1,own,little,NA,2684,24,radio/TV,good
257,Rowland Kaskel,29,male,2,free,little,little,2149,12,radio/TV,bad
258,Alicia Schaumberg,23,female,2,own,moderate,NA,3812,15,car,good
259,Otthilda Kultgen,57,female,1,own,moderate,NA,1154,11,radio/TV,good
260,Rickard Steinhagen,27,male,2,own,little,little,1657,12,furniture/equipment,good
261,Dagomar Ander,55,female,2,own,little,little,1603,24,radio/TV,good
262,Ellery Danner,36,male,3,free,little,little,5302,18,car,good
263,Rozmonda Zahn,57,female,1,free,little,NA,2748,12,education,good
264,Willamar Blacker,32,male,1,own,little,NA,1231,10,car,good
265,Roderik Karras,37,male,2,own,little,moderate,802,15,radio/TV,bad
266,Martell Bost,36,male,2,own,NA,NA,6304,36,business,good
267,Hedy Heber,38,female,2,own,little,NA,1533,24,radio/TV,good
268,Hoh Heger,45,male,3,own,little,little,8978,14,car,bad
269,Lindberg Mende,25,male,2,own,NA,NA,999,24,radio/TV,good
270,Reginald Weichel,32,male,2,own,NA,NA,2662,18,car,good
271,Leoda Rook,37,female,2,rent,quite rich,NA,1402,12,furniture/equipment,good
272,Nikolaus Heber,36,male,3,free,NA,moderate,12169,48,car,good
273,Audwin Adelsperger,28,male,2,own,little,moderate,3060,48,radio/TV,bad
274,Engel Heimann,34,male,1,own,little,little,11998,30,repairs,bad
275,Humberto Natter,32,male,2,own,little,NA,2697,9,radio/TV,good
276,Annemarie Schoeder,26,female,2,own,little,NA,2404,18,radio/TV,good
277,Hamoelet Moessner,49,male,1,own,NA,little,1262,12,furniture/equipment,good
278,Frieda Zink,32,female,2,own,little,NA,4611,6,furniture/equipment,bad
279,Emery Klitz,29,male,3,rent,moderate,NA,1901,24,radio/TV,good
280,Amald Kraak,23,male,2,rent,rich,NA,3368,15,car,good
281,Valdemar Schieferstein,50,male,2,own,little,NA,1574,12,furniture/equipment,good
282,Hohberht Weigold,49,male,1,own,NA,rich,1445,18,radio/TV,good
283,Waldo Meuer,63,male,2,own,NA,NA,1520,15,furniture/equipment,good
284,Luther Grieshop,37,male,2,own,moderate,moderate,3878,24,car,good
285,Aloisia Badertscher,35,female,1,own,little,little,10722,47,car,good
286,Luigi Hock,26,male,2,own,little,little,4788,48,car,good
287,Kulbart Lundt,31,male,3,free,moderate,moderate,7582,48,vacation/others,good
288,Gunnel Hargesheimer,49,female,2,own,little,moderate,1092,12,radio/TV,good
289,Marx Huck,48,male,2,own,little,little,1024,24,radio/TV,bad
290,Berdy Unruh,26,male,2,own,little,NA,1076,12,business,good
291,Jansen Seifer,28,male,3,rent,little,moderate,9398,36,car,bad
292,Katharina Stahlecker,44,female,3,free,little,little,6419,24,car,good
293,Rollie Greif,56,male,2,free,little,rich,4796,42,car,good
294,Raynard Klemm,46,male,3,own,NA,NA,7629,48,business,good
295,Marelda Gunder,26,female,2,own,little,moderate,9960,48,furniture/equipment,bad
296,Luana Zeiss,20,female,2,rent,NA,NA,4675,12,car,good
297,Roderick Libbert,45,male,1,own,NA,NA,1287,10,car,good
298,Erich Helling,43,male,2,own,little,NA,2515,18,furniture/equipment,good
299,Sigwald Westerberg,32,male,2,own,rich,moderate,2745,21,furniture/equipment,good
300,Emmeline Pahls,54,female,0,own,little,NA,672,6,car,good
301,Jakobe Brueggen,42,female,2,own,little,moderate,3804,36,radio/TV,bad
302,Fonzell Welge,37,male,1,own,NA,rich,1344,24,car,bad
303,Meinhard Zweber,49,male,2,own,little,little,1038,10,car,good
304,Erich Kosterman,44,male,2,free,quite rich,NA,10127,48,car,bad
305,Kurt Griesemer,33,male,2,own,rich,NA,1543,6,furniture/equipment,good
306,Otthilda Meger,24,female,1,rent,NA,NA,4811,30,car,good
307,Hildbrand Dueck,33,male,1,own,moderate,little,727,12,radio/TV,bad
308,Lorita Layman,24,female,2,own,little,moderate,1237,8,furniture/equipment,bad
309,Windell Hecksel,22,male,1,rent,little,moderate,276,9,car,good
310,Audwin Butt,40,male,0,free,NA,moderate,5381,48,vacation/others,good
311,Bronson Bierlein,25,male,2,own,moderate,NA,5511,24,furniture/equipment,good
312,Halfrida Stengel,26,female,2,own,little,rich,3749,24,furniture/equipment,good
313,Brendis Prochnow,25,male,1,own,little,moderate,685,12,car,bad
314,Ingall Anacker,29,male,1,own,NA,rich,1494,4,car,good
315,Georg Knauf,31,male,2,own,little,little,2746,36,furniture/equipment,bad
316,Hanno Stegemoller,38,male,1,own,little,little,708,12,furniture/equipment,good
317,Hylda Kalthoff,48,female,1,own,NA,moderate,4351,24,furniture/equipment,good
318,Raymond Schiele,32,male,2,own,little,NA,701,12,education,good
319,Alyda Mellenthin,27,female,1,own,little,little,3643,15,furniture/equipment,good
320,Ingalls Leistikow,28,male,3,own,little,moderate,4249,30,car,bad
321,Ahren Heser,32,male,2,own,little,little,1938,24,radio/TV,bad
322,Leonard Knolle,34,male,3,free,little,little,2910,24,car,good
323,Hunfrid Tribe,28,male,2,own,rich,little,2659,18,furniture/equipment,good
324,Adela Lundt,36,female,2,own,little,NA,1028,18,car,good
325,Garan Klossner,39,male,1,own,little,little,3398,8,car,good
326,Roddy Leingang,49,male,2,rent,NA,NA,5801,12,furniture/equipment,good
327,Hedwig Kuchenbecker,34,female,2,own,rich,NA,1525,24,car,good
328,Eginhard Nofziger,31,male,2,own,little,rich,4473,36,radio/TV,good
329,Roald Benzschawel,28,male,2,own,little,moderate,1068,6,radio/TV,good
330,Derry Prock,75,male,3,free,little,little,6615,24,car,good
331,Halfrida Kuehnert,30,female,2,own,moderate,NA,1864,18,education,bad
332,Luise Offner,24,female,3,own,moderate,moderate,7408,60,car,bad
333,Aili Schmidlkofer,24,female,1,rent,moderate,NA,11590,48,car,bad
334,Hunfrid Specker,23,male,2,rent,little,little,4110,24,furniture/equipment,bad
335,Wilhelm Loeser,44,male,3,rent,little,little,3384,6,furniture/equipment,bad
336,Isole Zoll,23,female,1,own,little,moderate,2101,13,radio/TV,good
337,Rupetta Helling,24,female,2,rent,NA,little,1275,15,domestic appliances,bad
338,Renard Liebler,28,male,2,own,little,little,4169,24,furniture/equipment,good
339,Amo Knauf,31,male,1,own,little,moderate,1521,10,furniture/equipment,good
340,Hedwig Gebhard,24,female,2,free,little,moderate,5743,24,education,good
341,Wilhelmine Gasper,26,female,1,rent,little,little,3599,21,furniture/equipment,good
342,Gary Kaseman,25,male,2,rent,quite rich,moderate,3213,18,radio/TV,good
343,Gregor Loesche,33,male,3,own,little,moderate,4439,18,business,good
344,Gerhard Renninger,37,male,1,own,little,rich,3949,10,car,good
345,Rille Koeppel,43,female,1,own,little,NA,1459,15,radio/TV,good
346,Terrall Garb,23,male,2,own,little,moderate,882,13,radio/TV,good
347,Marlayna Kutz,23,female,0,rent,quite rich,moderate,3758,24,radio/TV,good
348,Norbert Stack,34,male,1,own,moderate,NA,1743,6,business,good
349,Herbert Kerscher,32,male,2,free,rich,moderate,1136,9,education,bad
350,Dagomar Brettschneider,23,female,2,rent,little,NA,1236,9,domestic appliances,good
351,Rudella Kutz,29,female,2,own,little,moderate,959,9,furniture/equipment,bad
352,Eginhardt Kleinpeter,38,male,3,own,NA,NA,3229,18,car,good
353,Conrad Diebold,28,male,2,rent,little,little,6199,12,radio/TV,bad
354,Wilbert Bursch,46,male,2,free,quite rich,NA,727,10,education,good
355,Bernardyn Huck,23,male,1,own,little,moderate,1246,24,car,bad
356,Tavin Wegener,49,male,2,own,NA,NA,2331,12,radio/TV,good
357,Edwyn Muhlbach,26,male,3,own,little,NA,4463,36,radio/TV,bad
358,Erhard Dohm,28,male,2,own,little,NA,776,12,radio/TV,good
359,Kuonrada Mosteller,23,female,2,rent,little,little,2406,30,furniture/equipment,bad
360,Emil Heiniger,61,male,2,free,NA,moderate,1239,18,education,good
361,Geron Senft,37,male,3,own,NA,rich,3399,12,radio/TV,good
362,Hertha Wambold,36,female,2,own,little,rich,2247,12,car,good
363,Hartmann Appelhans,21,male,2,rent,little,NA,1766,6,furniture/equipment,good
364,Raymundo Fuge,25,male,0,own,little,little,2473,18,furniture/equipment,bad
365,Arnt Schieferstein,36,male,2,own,little,NA,1542,12,business,good
366,Hann Dull,27,male,2,own,little,NA,3850,18,car,good
367,Karolina Loesche,22,female,2,rent,little,little,3650,18,furniture/equipment,good
368,Uli Bayerl,42,male,2,own,little,little,3446,36,furniture/equipment,bad
369,Gretel Kosterman,40,female,2,rent,little,moderate,3001,18,furniture/equipment,good
370,Leon Seemann,36,male,2,own,NA,NA,3079,36,car,good
371,Wagner Imgrund,33,male,2,own,little,NA,6070,18,radio/TV,good
372,Otilie Kempkes,23,female,2,rent,little,NA,2146,10,furniture/equipment,good
373,Aurick Hoffman,63,male,3,free,NA,NA,13756,60,car,good
374,Della Kratt,60,female,3,free,moderate,moderate,14782,60,vacation/others,bad
375,Winifrid Hinsch,37,female,2,rent,little,little,7685,48,business,bad
376,Alarick Rosacker,34,male,2,own,little,NA,2320,18,radio/TV,good
377,Adalbert Rosacker,36,male,2,free,NA,NA,846,7,radio/TV,good
378,Fremont Pahls,57,male,3,free,little,moderate,14318,36,car,bad
379,Alyda Banzhaf,52,female,1,own,moderate,NA,362,6,car,good
380,Falk Schimmel,39,male,2,own,NA,little,2212,20,furniture/equipment,good
381,Solvig Hibbler,38,female,3,free,little,moderate,12976,18,car,bad
382,Halfrida Garbrecht,25,female,2,rent,NA,NA,1283,22,car,good
383,Roddric Specker,26,male,2,own,little,rich,1330,12,car,good
384,Odhert Rater,26,male,1,own,moderate,NA,4272,30,business,good
385,Adriane Rieber,25,female,2,own,little,NA,2238,18,radio/TV,good
386,Odila Sedler,21,female,2,rent,NA,NA,1126,18,radio/TV,good
387,Koltin Herdt,40,male,3,own,little,moderate,7374,18,furniture/equipment,good
388,Gerrard Galm,27,male,2,own,quite rich,moderate,2326,15,business,good
389,Griswalda Wormuth,27,female,2,own,little,NA,1449,9,business,good
390,Richard Karnatz,30,male,3,own,little,NA,1820,18,car,good
391,Adalheid Altenburg,19,female,1,rent,rich,moderate,983,12,furniture/equipment,good
392,Berrin Schoeck,39,male,3,free,little,little,3249,36,car,good
393,Genowefa Herschberger,31,female,2,own,little,little,1957,6,radio/TV,good
394,Axel Duren,31,male,3,own,little,NA,2406,9,furniture/equipment,good
395,Waller Kutz,32,male,2,rent,moderate,moderate,11760,39,education,good
396,Nadetta Heser,55,female,3,free,little,little,2578,12,furniture/equipment,good
397,Anton Siemen,46,male,2,own,little,little,2348,36,furniture/equipment,good
398,Hewitt Kaeding,46,male,2,rent,little,moderate,1223,12,car,bad
399,Millie Welle,43,female,1,own,rich,NA,1516,24,radio/TV,good
400,Manfrit Oley,39,male,2,own,little,NA,1473,18,radio/TV,good
401,Dedric Weigl,28,male,2,own,NA,moderate,1887,18,business,good
402,Koby Knapper,27,male,2,own,little,NA,8648,24,business,bad
403,Fonso Baumgard,27,male,1,own,little,NA,802,14,car,good
404,Treffen Westerberg,43,male,2,own,NA,moderate,2899,18,car,good
405,William Gruss,22,male,2,own,little,moderate,2039,24,radio/TV,bad
406,Wolfgang Meuer,43,male,2,own,NA,NA,2197,24,car,good
407,Wilbart Rusch,27,male,2,own,little,little,1053,15,radio/TV,good
408,Ahren Stampe,26,male,3,own,quite rich,NA,3235,24,radio/TV,good
409,Lothair Haessig,28,male,2,own,quite rich,rich,939,12,car,bad
410,Antonie Mehrhoff,20,female,2,own,little,moderate,1967,24,radio/TV,good
411,Hariman Koep,35,male,3,own,little,NA,7253,33,car,good
412,Arend Huck,42,male,3,own,little,NA,2292,12,business,bad
413,Spengler Simler,40,male,1,rent,quite rich,NA,1597,10,car,good
414,Hildagarde Kassinger,35,female,2,own,NA,little,1381,24,car,bad
415,Rune Remus,35,male,2,own,little,NA,5842,36,car,good
416,Aldrik Schindler,33,male,1,own,little,little,2579,12,car,bad
417,Mina Westerberg,23,female,2,rent,NA,little,8471,18,education,good
418,Albertyne Eis,31,female,3,own,quite rich,NA,2782,21,car,good
419,Rachel Selzler,33,female,2,own,NA,moderate,1042,18,car,bad
420,Rosamund Friedlander,20,female,2,rent,rich,NA,3186,15,car,good
421,Lambret Morgen,30,male,2,own,NA,moderate,2028,12,car,good
422,Huldiberaht Brueggen,47,male,1,own,little,moderate,958,12,car,good
423,Wendel Weigold,34,male,3,own,moderate,NA,1591,21,furniture/equipment,good
424,Norberta Lenz,25,female,2,own,NA,moderate,2762,12,furniture/equipment,bad
425,Emory Jakob,21,male,2,rent,little,moderate,2779,18,car,good
426,Otho Prall,29,male,2,own,little,NA,2743,28,radio/TV,good
427,Volker Puthoff,46,male,2,own,rich,NA,1149,18,radio/TV,good
428,Brandeis Ploetz,20,male,2,own,little,NA,1313,9,furniture/equipment,good
429,Geralyn Gensel,55,female,0,free,little,little,1190,18,repairs,bad
430,Gunther Klapper,74,male,1,own,little,NA,3448,5,business,good
431,Amd Herlinger,29,male,3,own,little,moderate,11328,24,vacation/others,bad
432,Nardo Heckert,36,male,3,free,little,little,1872,6,furniture/equipment,good
433,Terrell Oller,33,male,2,own,little,NA,2058,24,repairs,good
434,Earnest Andra,25,male,2,own,little,little,2136,9,furniture/equipment,good
435,Alphonso Helling,25,male,2,own,NA,moderate,1484,12,radio/TV,bad
436,Englebert Uhlhorn,23,male,1,rent,quite rich,NA,660,6,repairs,good
437,Marleina Rothstein,37,female,2,own,rich,NA,1287,24,car,good
438,Archimbald Kutz,65,male,0,own,little,little,3394,42,repairs,good
439,Karlina Ficker,26,female,0,own,little,rich,609,12,business,bad
440,Hewlett Beversdorf,39,male,3,own,little,NA,1884,12,car,good
441,Adalie Wertheimer,30,female,2,own,little,little,1620,12,furniture/equipment,good
442,Hobbard Gunder,29,male,2,own,little,moderate,2629,20,vacation/others,good
443,Hamlet Schoeder,41,male,1,own,little,NA,719,12,education,bad
444,Rilla Krogmann,30,female,3,own,little,moderate,5096,48,furniture/equipment,bad
445,Marlayne Amthor,41,female,1,rent,NA,NA,1244,9,education,good
446,Marlina Amberger,34,female,2,own,little,little,1842,36,car,bad
447,Berlyn Zeinert,35,male,2,own,little,moderate,2576,7,radio/TV,good
448,Gretel Doron,55,female,3,own,NA,rich,1424,12,furniture/equipment,good
449,Reiner Lotzer,61,male,2,own,rich,moderate,1512,15,repairs,bad
450,Gregor Dressel,30,male,3,own,NA,NA,11054,36,car,good
451,Geraldina Kaelber,29,female,2,own,little,NA,518,6,radio/TV,good
452,Ricardo Schillo,34,male,2,own,little,NA,2759,12,furniture/equipment,good
453,Dieter Kreikemeier,35,male,3,own,little,NA,2670,24,car,good
454,Bing Kobel,31,male,2,own,little,little,4817,24,car,bad
455,Hulda Drexler,29,female,3,own,little,NA,2679,24,car,good
456,Hobard Schubert,36,male,2,rent,little,little,3905,11,car,good
457,Stirling Resner,35,male,2,free,little,little,3386,12,car,bad
458,Ernesha Gelnett,27,female,2,own,little,little,343,6,domestic appliances,good
459,Willifrid Peil,32,male,2,own,little,NA,4594,18,radio/TV,good
460,Raimond Bergt,37,male,2,own,little,little,3620,36,furniture/equipment,good
461,Emory Hackert,36,male,2,own,little,little,1721,15,car,good
462,Alvarie Goller,34,female,3,rent,little,moderate,3017,12,furniture/equipment,good
463,Edsel Drummer,38,male,2,own,NA,moderate,754,12,education,good
464,Reggie Ranly,34,male,2,own,little,NA,1950,18,business,good
465,Willamar Grandt,63,male,2,own,little,little,2924,24,car,good
466,Ema Meckstroth,29,female,1,rent,little,little,1659,24,radio/TV,bad
467,Nef Planz,32,male,2,own,NA,NA,7238,48,radio/TV,good
468,Winifride Ringgenberg,26,female,2,own,little,NA,2764,33,business,good
469,Eno Seemann,35,male,1,own,little,NA,4679,24,car,good
470,Rob Sauter,22,male,2,rent,moderate,moderate,3092,24,radio/TV,bad
471,Rolanda Metzler,23,female,2,own,little,little,448,6,education,bad
472,Adalbert Leistikow,28,male,1,own,little,little,654,9,car,bad
473,Edward Schleyer,36,male,3,own,NA,NA,1238,6,education,good
474,Bogohardt Saler,33,male,2,own,little,moderate,1245,18,radio/TV,bad
475,Elyse Tuxhorn,26,female,2,rent,little,little,3114,18,furniture/equipment,bad
476,Bem Hillenburg,24,male,2,own,quite rich,NA,2569,39,car,good
477,Roderick Dorman,25,male,2,own,little,rich,5152,24,radio/TV,good
478,Arick Remus,39,male,1,own,moderate,moderate,1037,12,business,good
479,Burlin Knauf,44,male,2,own,little,little,1478,15,furniture/equipment,good
480,Karly Krech,23,female,1,own,little,moderate,3573,12,radio/TV,good
481,Abelard Kless,26,male,2,own,little,moderate,1201,24,car,good
482,Roderika Nungesser,57,female,2,rent,rich,little,3622,30,furniture/equipment,good
483,Hilde Hirner,30,female,2,own,rich,NA,960,15,furniture/equipment,good
484,Hamlin Koepsel,44,male,2,own,quite rich,NA,1163,12,car,good
485,Ely Leuthauser,47,male,3,own,little,moderate,1209,6,car,bad
486,Rob Haage,52,male,2,own,little,NA,3077,12,radio/TV,good
487,Wandy Burkel,62,female,2,free,little,NA,3757,24,car,good
488,Orlando Vonnahme,35,male,1,rent,moderate,NA,1418,10,car,good
489,Peer Garger,26,male,2,rent,little,NA,3518,6,car,good
490,Waldemar Unruh,26,male,2,own,little,NA,1934,12,radio/TV,good
491,Albertina Laufer,42,female,3,free,little,moderate,8318,27,business,bad
492,Jolan Leistikow,27,female,2,own,moderate,NA,1237,6,radio/TV,good
493,Manfrit Vogler,38,male,2,own,NA,moderate,368,6,radio/TV,good
494,Ehren Knerr,39,male,1,rent,little,little,2122,12,car,good
495,Bernardo Sauter,20,male,2,own,NA,little,2996,24,furniture/equipment,bad
496,Kolten Roeder,29,male,3,rent,moderate,moderate,9034,36,furniture/equipment,bad
497,Griswald Hoffner,40,male,2,own,little,NA,1585,24,furniture/equipment,good
498,Sigwald Silbernagel,32,male,1,own,little,moderate,1301,18,radio/TV,good
499,Erkerd Hirner,28,male,2,own,moderate,rich,1323,6,car,good
500,Nadine Manns,27,female,2,own,little,little,3123,24,car,bad
501,Hobard Renz,42,male,2,free,little,little,5493,36,car,good
502,Terrill Ruck,49,male,2,own,moderate,rich,1126,9,radio/TV,good
503,Wagner Langreck,38,male,2,own,moderate,moderate,1216,24,radio/TV,bad
504,Dagomar Rudich,24,female,2,rent,little,little,1207,24,car,bad
505,Penrod Beers,27,male,1,own,NA,NA,1309,10,car,bad
506,Bren Holtzer,36,male,2,own,quite rich,rich,2360,15,car,good
507,Roth Augsburger,34,male,3,own,moderate,moderate,6850,15,car,bad
508,Rolf Schweitzer,28,male,2,own,little,NA,1413,24,radio/TV,good
509,Christofer Tritz,45,male,3,own,moderate,NA,8588,39,car,good
510,Hulbard Erhardt,26,male,2,own,little,little,759,12,car,bad
511,Meino Drexler,32,male,3,free,little,NA,4686,36,car,good
512,Zacharia Hinsch,26,male,2,rent,little,rich,2687,15,business,good
513,Madelhari Heuer,20,male,2,rent,little,moderate,585,12,radio/TV,good
514,Erkerd Amelung,54,male,2,own,NA,NA,2255,24,car,good
515,Bertha Breininger,37,female,2,own,little,little,609,6,car,good
516,Brandeis Kuehnert,40,male,1,own,little,little,1361,6,car,good
517,Antonie Peiser,23,female,2,rent,little,NA,7127,36,furniture/equipment,bad
518,Hartman Schoeder,43,male,2,own,moderate,little,1203,6,car,good
519,Gretel Prechel,36,male,2,free,NA,NA,700,6,radio/TV,good
520,Meinke Mersman,44,male,2,free,little,NA,5507,24,repairs,good
521,Amara Greven,24,female,2,own,little,little,3190,18,radio/TV,bad
522,Xiomar Stoebe,53,male,2,free,little,little,7119,48,furniture/equipment,bad
523,Emmaline Leuthauser,23,female,2,own,moderate,NA,3488,24,car,good
524,Matilda Schieferstein,26,female,1,own,little,moderate,1113,18,radio/TV,good
525,Bamey Harnisch,30,male,2,own,little,moderate,7966,26,car,good
526,Lorita Lingner,31,female,2,own,moderate,NA,1532,15,education,good
527,Amet Letterman,42,male,1,own,little,NA,1503,4,radio/TV,good
528,Lindeberg Reeg,31,male,2,rent,little,little,2302,36,radio/TV,bad
529,Willmarr Flaig,41,male,1,own,little,little,662,6,car,good
530,Georg Schaub,32,male,2,own,little,moderate,2273,36,education,good
531,Loralei Lippmann,28,female,2,rent,moderate,moderate,2631,15,car,bad
532,Webber Thalmann,41,male,2,rent,little,NA,1503,12,car,good
533,Schaffer Brabender,26,male,2,own,moderate,NA,1311,24,radio/TV,good
534,Adalwin Nofziger,25,male,2,own,NA,NA,3105,24,radio/TV,good
535,Erhard Steinmeyer,33,male,2,rent,little,rich,2319,21,education,bad
536,Wido Herlinger,75,female,3,own,NA,little,1374,6,car,good
537,Hildemar Groshans,37,female,2,own,little,moderate,3612,18,furniture/equipment,good
538,Lughaidh Retz,42,male,3,free,little,little,7763,48,car,bad
539,Oda Schwed,45,female,1,own,little,rich,3049,18,furniture/equipment,good
540,Siegmund Gaw,23,male,2,rent,little,moderate,1534,12,radio/TV,bad
541,Luduvico Endler,60,male,2,free,little,NA,2032,24,car,good
542,Williams Willenborg,31,male,2,own,NA,little,6350,30,furniture/equipment,bad
543,Johan Knull,34,male,1,own,little,rich,2864,18,furniture/equipment,bad
544,Emery Linz,61,male,1,own,little,NA,1255,12,car,good
545,Geomar Glenz,43,male,2,free,little,little,1333,24,car,bad
546,Nadja Frum,37,female,2,own,little,NA,2022,24,car,good
547,Eckerd Nowack,32,male,2,own,little,NA,1552,24,radio/TV,good
548,Claudelle Hellinger,24,female,1,own,little,little,626,12,radio/TV,bad
549,Pepin Markus,35,male,2,free,NA,NA,8858,48,car,good
550,Odile Weitzel,23,female,2,own,NA,NA,996,12,repairs,good
551,Halfrid Prock,45,male,1,own,quite rich,NA,1750,6,radio/TV,good
552,Binga Hoffner,34,male,2,own,little,little,6999,48,radio/TV,bad
553,Eadaion Haage,27,male,2,own,moderate,moderate,1995,12,car,good
554,Lisa Brenneman,67,female,3,own,little,moderate,1199,9,education,good
555,Hild Brahm,22,male,2,own,little,moderate,1331,12,radio/TV,bad
556,Petronilla Riehle,28,female,2,own,moderate,moderate,2278,18,car,bad
557,Monika Landauer,29,female,2,own,NA,NA,5003,21,car,bad
558,Emma Nuehring,27,male,2,own,little,little,3552,24,furniture/equipment,bad
559,Nadja Anker,31,male,1,own,little,moderate,1928,18,furniture/equipment,bad
560,Marelda Knoebel,49,male,2,free,NA,little,2964,24,car,good
561,Kuonrada Haselhorst,24,male,1,rent,little,little,1546,24,radio/TV,bad
562,Conradine Holtzinger,29,female,2,own,little,rich,683,6,radio/TV,good
563,Adele Fokken,37,male,2,free,NA,moderate,12389,36,car,bad
564,Idalie Kirchberg,37,male,3,own,NA,moderate,4712,24,business,good
565,Otylia Weichel,23,female,2,rent,moderate,moderate,1553,24,radio/TV,good
566,Binga Statzer,36,male,2,own,little,little,1372,12,car,bad
567,Melisande Schleyer,34,male,2,own,rich,NA,2578,24,radio/TV,good
568,Wande Drummer,41,male,2,own,NA,moderate,3979,48,radio/TV,good
569,Conradina Nathe,31,female,2,own,little,little,6758,48,radio/TV,bad
570,Margo Stengel,23,female,1,rent,little,little,3234,24,furniture/equipment,bad
571,Waldhurga Molt,38,male,2,own,little,NA,5954,30,radio/TV,good
572,Alfreda Reinhard,26,female,3,rent,NA,NA,5433,24,car,good
573,Irma Lippold,22,female,1,own,little,little,806,15,business,good
574,Karly Ballmann,27,male,1,own,little,moderate,1082,9,radio/TV,good
575,Aliz Meck,24,female,2,own,little,NA,2788,15,furniture/equipment,good
576,Hilde Prechel,27,female,2,own,little,moderate,2930,12,radio/TV,good
577,Rudella Exner,33,female,2,own,NA,NA,1927,24,education,good
578,Winifreda Kosterman,27,male,2,own,little,moderate,2820,36,car,bad
579,Irmine Roehr,27,male,1,own,little,NA,937,24,education,good
580,Ballard Hottman,30,male,2,own,little,moderate,1056,18,car,bad
581,Maddalen Eister,49,male,1,own,little,moderate,3124,12,car,good
582,Frederica Lebsack,26,female,2,rent,little,NA,1388,9,furniture/equipment,good
583,Gisilberhta Reuther,33,male,1,rent,little,moderate,2384,36,repairs,bad
584,Tugenda Eitzen,52,female,3,free,NA,NA,2133,12,car,good
585,Rosa Hinsch,20,female,2,rent,little,little,2039,18,furniture/equipment,bad
586,Ulrike Fenzel,36,male,2,rent,little,little,2799,9,car,good
587,Ghislaine Westerberg,21,male,1,own,little,little,1289,12,furniture/equipment,good
588,Halfrida Drexler,47,male,1,own,little,little,1217,18,domestic appliances,bad
589,Elsje Lier,60,male,2,own,little,little,2246,12,furniture/equipment,bad
590,Marlene Fonger,58,female,1,own,little,little,385,12,radio/TV,good
591,Margrit Renz,42,female,2,rent,NA,moderate,1965,24,car,good
592,Binga Winchenbach,36,female,1,own,rich,NA,1572,21,business,good
593,Alarica Ubel,20,female,1,rent,little,moderate,2718,24,car,bad
594,Eadaion Steuer,40,male,3,own,NA,little,1358,24,vacation/others,bad
595,Emmy Prestenbach,32,female,1,own,moderate,moderate,931,6,car,bad
596,Walborgd Morgenroth,23,female,2,rent,little,little,1442,24,car,bad
597,Adal Wasserman,36,male,1,own,little,moderate,4241,24,business,bad
598,Bruna Hann,31,male,2,own,little,NA,2775,18,car,bad
599,Loralei Oblander,32,male,2,free,little,NA,3863,24,business,good
600,Alphonsine Ranke,45,female,2,own,little,moderate,2329,7,radio/TV,good
601,Marlina Ranck,30,female,2,own,little,moderate,918,9,furniture/equipment,bad
602,Serhilda Steinhagen,34,female,1,free,little,moderate,1837,24,education,bad
603,Helene Meuer,28,female,3,own,little,NA,3349,36,furniture/equipment,bad
604,Odila Wickland,23,female,2,own,little,rich,1275,10,furniture/equipment,good
605,Oda Bengel,22,male,2,own,quite rich,little,2828,24,furniture/equipment,good
606,Karoline Loehr,74,male,3,own,little,NA,4526,24,business,good
607,Berit Uhlhorn,50,female,2,free,moderate,moderate,2671,36,radio/TV,bad
608,Karlyn Mosteller,33,male,2,own,little,NA,2051,18,radio/TV,good
609,Alarice Schaller,45,male,2,free,NA,NA,1300,15,car,good
610,Alvarie Doelling,22,female,2,own,moderate,little,741,12,domestic appliances,bad
611,Lise Gradwohl,48,female,1,free,moderate,rich,1240,10,car,bad
612,Nadetta Austgen,29,female,2,own,rich,little,3357,21,radio/TV,good
613,Engelbertina Meinholz,22,female,2,rent,little,little,3632,24,car,good
614,Wilhelmine Oller,22,female,2,own,little,NA,1808,18,furniture/equipment,bad
615,Magnild Schindler,48,male,3,own,NA,moderate,12204,48,business,good
616,Tresa Paschke,27,male,3,free,NA,moderate,9157,60,radio/TV,good
617,Helma Biller,37,male,2,rent,little,little,3676,6,car,good
618,Serilda Griff,21,female,2,rent,moderate,moderate,3441,30,furniture/equipment,bad
619,Verene Andra,49,male,1,own,little,NA,640,12,car,good
620,Jakoba Rieber,27,male,2,own,little,moderate,3652,21,business,good
621,Geneva Wienke,32,male,2,own,little,NA,1530,18,car,bad
622,Aloisia Berges,38,male,2,own,NA,NA,3914,48,business,bad
623,Hildireth Schlangen,22,female,2,rent,little,little,1858,12,furniture/equipment,good
624,Gertrud Karras,65,male,2,free,little,little,2600,18,radio/TV,bad
625,Adalicia Dueck,35,male,2,own,NA,NA,1979,15,radio/TV,good
626,Leoda Zinn,41,male,2,own,little,rich,2116,6,furniture/equipment,good
627,Gisella Gerbracht,29,male,2,own,moderate,moderate,1437,9,car,bad
628,Gunilla Frantz,36,male,2,own,quite rich,NA,4042,42,furniture/equipment,good
629,Kathe Mende,64,male,1,own,NA,NA,3832,9,education,good
630,Solvig Weichel,28,female,2,own,little,little,3660,24,radio/TV,good
631,Marlena Welk,44,male,2,own,little,little,1553,18,furniture/equipment,bad
632,Hildemar Hauer,23,male,2,own,NA,moderate,1444,15,radio/TV,good
633,Lurlene Vorpagel,19,female,2,rent,little,NA,1980,9,furniture/equipment,bad
634,Gerwalta Wissing,25,female,1,own,little,moderate,1355,24,car,bad
635,Erna Riel,47,male,2,own,little,NA,1393,12,education,good
636,Karlyn Vorpahl,28,female,2,own,quite rich,NA,1376,24,radio/TV,good
637,Adal Kuechler,21,male,2,own,little,NA,15653,60,radio/TV,good
638,Lotte Bokelman,34,female,2,own,little,NA,1493,12,radio/TV,good
639,Edeline Gerhard,26,male,2,own,little,little,4370,42,radio/TV,bad
640,Serilda Koep,27,female,0,own,little,little,750,18,education,bad
641,Geralynn Lentz,38,male,1,own,little,moderate,1308,15,repairs,good
642,Irma Lotzer,40,male,3,own,moderate,NA,4623,15,education,bad
643,Erna Achen,33,male,2,own,little,NA,1851,24,radio/TV,good
644,Ordalf Knapke,32,male,3,own,little,little,1880,18,radio/TV,good
645,Bemadette Ruppe,27,male,2,rent,NA,NA,7980,36,business,bad
646,Aloysia Thering,32,male,2,own,little,little,4583,30,furniture/equipment,good
647,Minne Sendelbach,26,female,2,own,quite rich,NA,1386,12,car,bad
648,Hedwig Drexler,38,male,2,free,little,rich,947,24,car,bad
649,Gerwalta Garger,40,male,1,rent,little,little,684,12,education,bad
650,Sente Hauer,50,male,3,free,little,little,7476,48,education,good
651,Dell Kammeraad,37,male,1,own,little,moderate,1922,12,furniture/equipment,bad
652,Suzanne Herres,45,male,2,own,little,little,2303,24,car,bad
653,Gerhardina Bramer,42,male,3,own,moderate,moderate,8086,36,car,bad
654,Claudia Benter,35,male,2,own,little,NA,2346,24,car,good
655,Gertrut Preyer,22,male,2,free,little,little,3973,14,car,good
656,Loranna Schaf,41,male,1,own,little,moderate,888,12,car,bad
657,Gretchen Schillo,37,male,2,own,NA,NA,10222,48,radio/TV,good
658,Hide Schaller,28,female,2,own,little,moderate,4221,30,business,good
659,Blas Willenborg,41,male,2,own,little,moderate,6361,18,furniture/equipment,good
660,Roderika Herfel,23,male,2,rent,little,rich,1297,12,radio/TV,good
661,Adalheid Birner,23,male,2,own,NA,little,900,12,car,bad
662,Winola Dueck,50,male,2,own,little,NA,2241,21,furniture/equipment,good
663,Marhilda Fisch,35,male,3,own,little,moderate,1050,6,furniture/equipment,good
664,Nadetta Heser,50,female,1,own,little,rich,1047,6,education,good
665,Emma Kutzke,27,male,3,own,little,NA,6314,24,vacation/others,good
666,Winifrid Killian,34,male,2,own,rich,moderate,3496,30,furniture/equipment,good
667,Alisz Busch,27,female,2,own,little,NA,3609,48,business,good
668,Romilda Lossing,43,male,2,rent,little,little,4843,12,car,bad
669,Gerde Unruh,47,male,2,own,little,rich,3017,30,radio/TV,good
670,Lurline Prock,27,male,1,own,moderate,NA,4139,24,business,good
671,Jakobie Wissel,31,male,2,own,moderate,NA,5742,36,business,good
672,Lorelei Bost,42,male,3,own,little,NA,10366,60,car,good
673,Monika Panke,24,male,2,own,quite rich,NA,2080,6,car,good
674,Alicia Schaumberg,41,male,1,own,quite rich,NA,2580,21,business,bad
675,Norberaht Austgen,26,female,3,rent,little,NA,4530,30,radio/TV,good
676,Otthilda Kultgen,33,male,2,own,little,NA,5150,24,furniture/equipment,good
677,Dagomar Ander,24,male,2,own,moderate,moderate,5595,72,radio/TV,bad
678,Rozmonda Zahn,64,male,1,rent,little,little,2384,24,radio/TV,good
679,Roderika Stengel,26,female,2,own,little,NA,1453,18,radio/TV,good
680,Ballard Schaumberg,56,female,2,own,little,NA,1538,6,education,good
681,Hedy Heber,37,male,2,free,NA,NA,2279,12,radio/TV,good
682,Leoda Rook,33,male,2,own,little,NA,1478,15,radio/TV,good
683,Annemarie Schoeder,47,male,2,free,little,NA,5103,24,radio/TV,good
684,Frieda Zink,31,male,1,own,moderate,moderate,9857,36,business,good
685,Aloisia Badertscher,34,male,2,free,NA,NA,6527,60,car,good
686,Gunnel Hargesheimer,27,male,2,own,NA,rich,1347,10,radio/TV,good
687,Katharina Stahlecker,30,male,2,free,moderate,moderate,2862,36,car,good
688,Marelda Gunder,35,male,2,own,moderate,NA,2753,9,radio/TV,good
689,Luana Zeiss,31,male,2,own,rich,little,3651,12,car,good
690,Emmeline Pahls,25,male,2,own,little,little,975,15,furniture/equipment,good
691,Tresa Knerr,25,female,1,own,moderate,moderate,2631,15,repairs,good
692,Jakobe Brueggen,29,male,2,own,moderate,moderate,2896,24,radio/TV,good
693,Otthilda Meger,44,male,1,own,NA,little,4716,6,car,good
694,Lorita Layman,28,male,2,own,little,NA,2284,24,radio/TV,good
695,Halfrida Stengel,50,male,2,rent,quite rich,NA,1236,6,car,good
696,Hylda Kalthoff,29,male,2,own,little,moderate,1103,12,radio/TV,good
697,Ertha Klunder,38,female,0,own,little,NA,926,12,car,good
698,Alyda Mellenthin,24,male,2,own,little,NA,1800,18,radio/TV,good
699,Adela Lundt,40,male,3,rent,little,rich,1905,15,education,good
700,Mitzi Kienbaum,29,female,1,rent,quite rich,NA,1123,12,furniture/equipment,bad
701,Hedwig Kuchenbecker,46,male,2,free,little,little,6331,48,car,bad
702,Clarimond Landmesser,47,female,2,free,moderate,rich,1377,24,radio/TV,good
703,Halfrida Kuehnert,41,male,2,own,moderate,moderate,2503,30,business,good
704,Mady Schlangen,32,female,2,own,little,moderate,2528,27,business,good
705,Walda Sturn,35,female,2,free,quite rich,NA,5324,15,car,good
706,Luise Offner,24,male,2,own,moderate,moderate,6560,48,car,bad
707,Bruna Pfrommer,25,female,2,rent,little,moderate,2969,12,furniture/equipment,bad
708,Margrit Benzschawel,25,female,2,own,little,moderate,1206,9,radio/TV,good
709,Aili Schmidlkofer,37,male,1,own,little,moderate,2118,9,radio/TV,good
710,Isole Zoll,32,male,3,own,quite rich,NA,629,18,radio/TV,good
711,Greta Graefe,35,female,2,free,little,little,1198,6,education,bad
712,Rupetta Helling,46,male,3,own,NA,NA,2476,21,car,good
713,Hedwig Gebhard,25,male,1,own,little,little,1138,9,radio/TV,good
714,Wilhelmine Gasper,27,male,3,own,little,moderate,14027,60,car,bad
715,Rille Koeppel,63,male,2,own,NA,NA,7596,30,car,good
716,Marlayna Kutz,40,male,2,own,NA,NA,3077,30,radio/TV,good
717,Dagomar Brettschneider,32,male,3,free,little,NA,1505,18,radio/TV,good
718,Rudella Kutz,31,male,2,own,NA,rich,3148,24,radio/TV,good
719,Kuonrada Mosteller,31,male,2,own,moderate,moderate,6148,20,car,good
720,Hertha Wambold,34,male,3,own,little,rich,1337,9,radio/TV,bad
721,Alva Harlacher,24,female,2,rent,rich,moderate,433,6,education,bad
722,Gunnel Schultz,24,female,1,own,little,little,1228,12,car,bad
723,Geralynn Geisz,66,female,1,own,quite rich,moderate,790,9,radio/TV,good
724,Elke Pamperin,21,female,2,rent,little,NA,2570,27,car,bad
725,Giselle Molt,41,female,1,own,rich,NA,250,6,car,good
726,Karolina Loesche,47,male,1,own,quite rich,NA,1316,15,radio/TV,good
727,Ghislaine Schindler,25,female,2,rent,little,little,1882,18,radio/TV,bad
728,Frederika Schutzman,59,female,2,rent,little,moderate,6416,48,business,bad
729,Gretel Kosterman,36,male,2,own,rich,rich,1275,24,business,good
730,Otilie Kempkes,33,male,2,own,little,moderate,6403,24,radio/TV,good
731,Della Kratt,21,male,1,rent,little,little,1987,24,radio/TV,bad
732,Magnhilda Seubert,44,female,1,own,little,moderate,760,8,radio/TV,good
733,Claudelle Lochmann,28,female,2,rent,rich,NA,2603,24,car,good
734,Ilsa Heckert,37,female,2,own,little,NA,3380,4,car,good
735,Adelyte Branstetter,29,female,0,own,NA,moderate,3990,36,domestic appliances,good
736,Alvara Leid,23,female,3,rent,little,moderate,11560,24,car,bad
737,Winifrid Hinsch,35,male,1,own,moderate,little,4380,18,car,good
738,Alyda Banzhaf,45,male,3,own,little,NA,6761,6,car,good
739,Walborgd Puderbaugh,26,female,1,rent,moderate,moderate,4280,30,business,bad
740,Solvig Hibbler,32,male,2,own,moderate,little,2325,24,car,good
741,Halfrida Garbrecht,23,male,1,own,little,moderate,1048,10,radio/TV,good
742,Adriane Rieber,41,male,2,own,NA,NA,3160,21,radio/TV,good
743,Odila Sedler,22,male,2,own,quite rich,little,2483,24,furniture/equipment,good
744,Griswalda Wormuth,30,male,3,own,NA,little,14179,39,furniture/equipment,good
745,Adalheid Altenburg,28,male,1,own,little,little,1797,13,business,good
746,Frederica Dirnberger,23,female,2,rent,little,little,2511,15,car,good
747,Marlaina Brabender,37,female,1,own,little,little,1274,12,car,bad
748,Genowefa Herschberger,26,male,2,own,NA,NA,5248,21,car,good
749,Nadetta Heser,33,male,2,own,little,NA,3029,15,car,good
750,Nadetta Breininger,49,female,2,own,little,little,428,6,furniture/equipment,good
751,Hylda Graefe,23,female,1,own,little,little,976,18,car,bad
752,Agatha Merle,23,female,1,rent,moderate,moderate,841,12,business,good
753,Irmine Munzer,25,female,2,own,little,NA,5771,30,radio/TV,good
754,Millie Welle,55,male,2,free,rich,NA,1555,12,repairs,bad
755,Nadette Schleiger,32,female,2,rent,NA,little,1285,24,car,bad
756,Antonie Mehrhoff,74,male,0,own,little,rich,1299,6,car,good
757,Hildagarde Kassinger,39,male,2,free,NA,rich,1271,15,radio/TV,bad
758,Mina Westerberg,31,male,2,own,little,NA,1393,24,car,good
759,Albertyne Eis,35,male,2,own,little,little,691,12,car,bad
760,Geralynn Letterman,59,female,2,own,NA,NA,5045,15,car,good
761,Ebba Haffner,24,female,2,rent,little,little,2124,18,furniture/equipment,bad
762,Rachel Selzler,24,male,1,own,little,little,2214,12,radio/TV,good
763,Rosamund Friedlander,30,male,3,free,NA,NA,12680,21,car,bad
764,Norberta Lenz,27,male,2,own,moderate,NA,2463,24,car,good
765,Geralyn Gensel,40,male,1,own,little,moderate,1155,12,radio/TV,good
766,Marleina Rothstein,31,male,1,own,little,little,3108,30,furniture/equipment,bad
767,Angelika Morgenroth,31,female,2,rent,NA,NA,2901,10,car,good
768,Karlina Ficker,28,male,2,rent,little,moderate,3617,12,furniture/equipment,good
769,Adalie Wertheimer,63,male,1,own,little,NA,1655,12,radio/TV,good
770,Alphonsine Lochmann,26,female,2,rent,NA,little,2812,24,car,good
771,Adelheide Grober,25,female,3,own,little,little,8065,36,education,bad
772,Rilla Krogmann,36,male,3,own,little,NA,3275,21,car,good
773,Marlayne Amthor,52,male,2,own,moderate,NA,2223,24,radio/TV,good
774,Marlina Amberger,66,male,0,free,quite rich,rich,1480,12,car,good
775,Gudrun Prochnow,25,female,2,rent,NA,little,1371,24,car,bad
776,Gretel Doron,37,male,2,own,little,NA,3535,36,car,good
777,Marlis Kristan,25,female,2,own,little,little,3509,18,radio/TV,good
778,Geraldina Kaelber,38,male,3,own,rich,NA,5711,36,car,good
779,Guida Hanf,67,female,2,own,little,moderate,3872,18,repairs,good
780,Hulda Drexler,25,male,2,own,little,moderate,4933,39,radio/TV,bad
781,Ernesha Gelnett,60,male,2,own,rich,NA,1940,24,car,good
782,Alvarie Goller,31,male,1,own,little,moderate,1410,12,education,good
783,Emestina Rymer,23,female,1,own,moderate,moderate,836,12,car,bad
784,Ema Meckstroth,60,male,3,own,NA,moderate,6468,20,car,good
785,Winifride Ringgenberg,35,male,1,own,rich,moderate,1941,18,business,good
786,Rolanda Metzler,40,male,2,own,quite rich,NA,2675,22,radio/TV,good
787,Elyse Tuxhorn,38,male,2,own,NA,NA,2751,48,car,good
788,Karly Krech,50,male,2,free,little,moderate,6224,48,education,bad
789,Roderika Nungesser,27,male,2,own,little,little,5998,40,education,bad
790,Geraldina Banker,39,female,2,own,little,moderate,1188,21,business,bad
791,Hilde Hirner,41,male,3,own,NA,NA,6313,24,car,good
792,Wandy Burkel,27,male,2,own,NA,NA,1221,6,furniture/equipment,good
793,Albertina Laufer,51,male,2,free,little,rich,2892,24,furniture/equipment,good
794,Jolan Leistikow,32,male,2,rent,quite rich,NA,3062,24,furniture/equipment,good
795,Adalheida Erath,22,female,2,rent,moderate,NA,2301,9,furniture/equipment,good
796,Nadine Manns,51,male,2,free,NA,little,7511,18,car,bad
797,Hadu Gruss,22,female,1,rent,little,NA,1258,12,furniture/equipment,good
798,Dagomar Rudich,54,male,2,own,NA,NA,717,24,car,good
799,Bertha Breininger,35,male,0,own,NA,moderate,1549,9,car,good
800,Antonie Peiser,54,male,2,free,little,NA,1597,24,education,good
801,Engelbertine Krotz,48,female,1,rent,little,moderate,1795,18,radio/TV,good
802,Blas Wilharm,24,female,2,own,little,little,4272,20,furniture/equipment,good
803,Amara Greven,35,male,2,own,NA,NA,976,12,radio/TV,good
804,Eraman Schricker,24,female,0,rent,NA,moderate,7472,12,car,good
805,Emmaline Leuthauser,24,male,2,own,little,little,9271,36,car,bad
806,Matilda Schieferstein,26,male,1,own,little,moderate,590,6,radio/TV,good
807,Lorita Lingner,65,male,2,own,NA,NA,930,12,radio/TV,good
808,Loralei Lippmann,55,male,3,free,little,moderate,9283,42,car,good
809,Geneva Neuberger,26,female,0,rent,little,moderate,1778,15,car,bad
810,Wido Herlinger,26,male,2,own,little,moderate,907,8,business,good
811,Hildemar Groshans,28,male,1,own,little,moderate,484,6,radio/TV,good
812,Oda Schwed,24,male,2,own,little,little,9629,36,car,bad
813,Nadja Frum,54,male,2,own,little,little,3051,48,domestic appliances,bad
814,Claudelle Hellinger,46,male,2,free,little,little,3931,48,car,bad
815,Maritza Petersheim,54,female,2,rent,little,moderate,7432,36,car,good
816,Odile Weitzel,62,male,2,own,quite rich,NA,1338,6,domestic appliances,good
817,Ailis Rothenberg,24,female,2,rent,little,NA,1554,6,radio/TV,good
818,Lisa Brenneman,43,male,3,own,little,little,15857,36,vacation/others,good
819,Petronilla Riehle,26,male,2,own,little,little,1345,18,radio/TV,bad
820,Monika Landauer,27,male,2,own,little,NA,1101,12,car,good
821,Conradine Holtzinger,24,male,2,own,little,rich,3016,12,radio/TV,good
822,Otylia Weichel,41,male,2,own,little,little,2712,36,furniture/equipment,bad
823,Conradina Nathe,47,male,1,own,little,little,731,8,car,good
824,Margo Stengel,35,male,3,own,little,NA,3780,18,furniture/equipment,good
825,Alfreda Reinhard,30,male,2,own,little,little,1602,21,car,good
826,Karly Roether,33,female,2,rent,little,little,3966,18,car,bad
827,Irma Lippold,36,male,2,own,little,NA,4165,18,business,bad
828,Aliz Meck,47,male,2,free,NA,little,8335,36,car,bad
829,Hilde Prechel,38,male,2,free,NA,moderate,6681,48,business,good
830,Rudella Exner,44,male,2,own,quite rich,NA,2375,24,business,good
831,Holda Schuppert,23,female,2,rent,little,little,1216,18,car,bad
832,Frederica Lebsack,29,male,2,rent,little,little,11816,45,business,bad
833,Lurleen Fehrenbach,42,female,2,own,NA,moderate,5084,24,radio/TV,good
834,Harimanna Ertz,25,female,1,own,little,rich,2327,15,radio/TV,bad
835,Tugenda Eitzen,48,male,2,own,little,little,1082,12,car,bad
836,Perahta Weick,21,female,2,own,NA,NA,886,12,radio/TV,good
837,Mitzi Mincks,23,female,1,rent,little,NA,601,4,furniture/equipment,good
838,Rosa Hinsch,63,male,2,own,little,little,2957,24,car,good
839,Marlene Fonger,46,male,2,own,little,NA,2611,24,radio/TV,good
840,Margrit Renz,29,male,2,own,little,little,5179,36,furniture/equipment,bad
841,Binga Winchenbach,28,male,1,own,little,NA,2993,21,car,good
842,Maddalene Kruck,23,female,2,own,little,NA,1943,18,repairs,bad
843,Alarica Ubel,50,male,2,own,little,NA,1559,24,business,good
844,Emmy Prestenbach,47,male,2,own,little,NA,3422,18,furniture/equipment,good
845,Walborgd Morgenroth,35,male,2,own,NA,moderate,3976,21,furniture/equipment,good
846,Alphonsine Ranke,68,male,2,rent,NA,NA,6761,18,car,bad
847,Marlina Ranck,28,male,2,own,little,NA,1249,24,car,good
848,Serhilda Steinhagen,59,male,2,own,little,little,1364,9,radio/TV,good
849,Helene Meuer,57,male,1,own,little,little,709,12,radio/TV,bad
850,Odila Wickland,33,male,2,rent,little,little,2235,20,car,bad
851,Berit Uhlhorn,43,male,2,own,NA,NA,4042,24,car,good
852,Alvarie Doelling,35,male,2,free,little,NA,1471,15,radio/TV,good
853,Lise Gradwohl,32,male,1,free,little,little,1442,18,car,bad
854,Nadetta Austgen,45,male,2,own,little,NA,10875,36,car,good
855,Engelbertina Meinholz,33,male,2,own,moderate,NA,1474,24,car,good
856,Maddalene Zipper,40,female,2,own,NA,NA,894,10,education,good
857,Wilhelmine Oller,28,male,2,free,little,NA,3343,15,furniture/equipment,good
858,Ulka Kaden,29,female,2,own,little,little,3959,15,car,bad
859,Serilda Griff,26,male,2,rent,moderate,NA,3577,9,car,good
860,Hildireth Schlangen,27,male,2,own,rich,NA,5804,24,car,good
861,Solvig Weichel,28,male,2,own,little,NA,2169,18,business,bad
862,Lurlina Rater,35,female,2,own,little,little,2439,24,radio/TV,bad
863,Lurlene Vorpagel,32,male,1,own,rich,NA,4526,27,furniture/equipment,good
864,Gerwalta Wissing,25,male,1,rent,little,NA,2210,10,furniture/equipment,bad
865,Jakobe Meinholz,20,female,2,rent,quite rich,NA,2221,15,furniture/equipment,good
866,Anni Rheinheimer,27,female,2,own,little,little,2389,18,radio/TV,good
867,Karlyn Vorpahl,42,male,2,own,little,NA,3331,12,furniture/equipment,good
868,Lotte Bokelman,37,male,2,own,NA,NA,7409,36,business,good
869,Lindie Demmin,24,female,2,rent,little,little,652,12,furniture/equipment,good
870,Franziska Herschberger,40,female,2,own,quite rich,NA,7678,36,furniture/equipment,good
871,Serilda Koep,46,male,2,own,little,rich,1343,6,car,good
872,Minne Sendelbach,26,male,2,own,moderate,little,1382,24,business,good
873,Maddalene Katzenberg,24,female,2,own,NA,NA,874,15,domestic appliances,good
874,Hide Schaller,29,male,1,own,little,little,3590,12,furniture/equipment,good
875,Luane Westfall,40,female,2,own,rich,moderate,1322,11,car,good
876,Nadetta Heser,36,male,3,free,little,little,1940,18,radio/TV,good
877,Alisz Busch,28,male,2,own,little,NA,3595,36,radio/TV,good
878,Norberaht Austgen,27,male,3,free,little,little,1422,9,car,bad
879,Roderika Stengel,36,male,2,own,NA,NA,6742,30,radio/TV,good
880,Ballard Schaumberg,38,male,3,own,little,NA,7814,24,car,good
881,Tresa Knerr,48,male,2,free,NA,NA,9277,24,car,good
882,Ertha Klunder,36,male,2,own,NA,moderate,2181,30,car,good
883,Winifride Raup,65,female,0,own,little,NA,1098,18,radio/TV,good
884,Mitzi Kienbaum,43,male,2,own,little,moderate,4057,24,furniture/equipment,bad
885,Genevieve Heiges,53,female,2,own,little,little,795,12,education,bad
886,Clarimond Landmesser,34,male,2,own,NA,moderate,2825,24,business,good
887,Mady Schlangen,23,male,2,own,little,moderate,15672,48,business,bad
888,Walda Sturn,34,male,3,own,little,NA,6614,36,car,good
889,Bruna Pfrommer,40,male,2,rent,NA,NA,7824,28,car,good
890,Margrit Benzschawel,43,male,3,own,little,little,2442,27,business,good
891,Greta Graefe,46,male,2,own,little,NA,1829,15,radio/TV,good
892,Alva Harlacher,38,male,1,own,little,little,2171,12,car,good
893,Gunnel Schultz,34,male,2,own,little,moderate,5800,36,car,good
894,Geralynn Geisz,29,male,2,own,NA,NA,1169,18,radio/TV,good
895,Elke Pamperin,31,male,3,own,NA,NA,8947,36,car,good
896,Adele Meger,28,female,3,rent,little,little,2606,21,radio/TV,good
897,Geneve Leininger,35,female,2,own,rich,NA,1592,12,furniture/equipment,good
898,Magnilde Rothstein,33,female,1,rent,NA,NA,2186,15,furniture/equipment,good
899,Giselle Molt,42,male,2,own,little,little,4153,18,furniture/equipment,bad
900,Ghislaine Schindler,43,male,2,rent,little,little,2625,16,car,bad
901,Frederika Schutzman,44,male,2,own,NA,NA,3485,20,car,good
902,Magnhilda Seubert,42,male,2,free,NA,NA,10477,36,car,good
903,Claudelle Lochmann,40,male,2,rent,NA,NA,1386,15,radio/TV,good
904,Ilsa Heckert,36,male,3,own,little,NA,1278,24,radio/TV,good
905,Adelyte Branstetter,20,male,3,rent,little,little,1107,12,radio/TV,good
906,Alvara Leid,24,male,1,own,NA,little,3763,21,car,good
907,Walborgd Puderbaugh,27,male,2,own,NA,moderate,3711,36,education,good
908,Gricelda Drummer,46,female,1,own,little,NA,3594,15,car,good
909,Eadaion Escher,33,female,1,own,NA,moderate,3195,9,car,good
910,Karleigh Minge,34,female,2,own,little,NA,4454,36,radio/TV,good
911,Lorah Exner,25,female,1,own,little,moderate,4736,24,furniture/equipment,bad
912,Norberta Eger,25,female,2,own,NA,moderate,2991,30,radio/TV,good
913,Frederica Dirnberger,28,male,2,own,rich,NA,2142,11,business,good
914,Marlaina Brabender,31,male,2,rent,little,little,3161,24,business,bad
915,Maritza Kalthoff,32,female,3,own,little,moderate,18424,48,vacation/others,bad
916,Nadetta Breininger,32,male,2,own,moderate,NA,2848,10,car,good
917,Hylda Graefe,68,male,3,own,little,little,14896,6,car,bad
918,Agatha Merle,33,male,2,own,moderate,little,2359,24,furniture/equipment,bad
919,Irmine Munzer,39,male,3,rent,little,little,3345,24,furniture/equipment,bad
920,Alice Pistorius,28,female,2,own,little,NA,1817,18,furniture/equipment,good
921,Nadette Schleiger,37,male,3,own,quite rich,NA,12749,48,radio/TV,good
922,Verina Fabrizius,22,female,2,rent,little,little,1366,9,radio/TV,bad
923,Geralynn Letterman,30,male,2,rent,little,moderate,2002,12,car,good
924,Ebba Haffner,55,male,2,own,little,little,6872,24,furniture/equipment,bad
925,Angelika Morgenroth,46,male,2,own,little,little,697,12,car,bad
926,Marlisa Limmer,21,female,2,rent,little,little,1049,18,furniture/equipment,good
927,Alphonsine Lochmann,39,male,2,free,little,little,10297,48,car,bad
928,Adelheide Grober,58,male,2,own,NA,NA,1867,30,radio/TV,good
929,Gudrun Prochnow,43,male,1,own,little,little,1344,12,car,good
930,Marlis Kristan,24,male,1,own,little,little,1747,24,furniture/equipment,good
931,Jakoba Kassing,22,female,2,own,little,moderate,1670,9,radio/TV,bad
932,Guida Hanf,30,male,2,own,little,NA,1224,9,car,good
933,Emestina Rymer,42,male,2,own,quite rich,NA,522,12,radio/TV,good
934,Arabella Birner,23,female,2,own,little,little,1498,12,radio/TV,good
935,Geraldina Banker,30,male,3,own,moderate,moderate,1919,30,radio/TV,bad
936,Maddalen Gobel,28,female,1,own,little,rich,745,9,radio/TV,bad
937,Adalheida Erath,30,male,3,rent,little,moderate,2063,6,radio/TV,good
938,Hadu Gruss,42,male,2,free,little,moderate,6288,60,education,bad
939,Engelbertine Krotz,46,male,3,own,NA,NA,6842,24,car,good
940,Blas Wilharm,45,male,3,own,NA,NA,3527,12,car,good
941,Eraman Schricker,31,male,1,own,little,NA,1546,10,car,good
942,Geneva Neuberger,31,male,2,own,NA,NA,929,24,furniture/equipment,good
943,Maritza Petersheim,42,male,1,own,little,NA,1455,4,car,good
944,Hulde Mecklenburg,46,female,2,rent,little,little,1845,15,furniture/equipment,good
945,Otthilda Dull,30,female,2,own,quite rich,moderate,8358,48,car,good
946,Ailis Rothenberg,30,male,2,free,quite rich,little,3349,24,furniture/equipment,bad
947,Karly Roether,38,male,3,own,NA,NA,2859,12,car,good
948,Holda Schuppert,43,male,1,own,little,NA,1533,18,furniture/equipment,bad
949,Lurleen Fehrenbach,31,male,2,own,moderate,NA,3621,24,radio/TV,bad
950,Harimanna Ertz,40,male,0,own,little,moderate,3590,18,business,good
951,Perahta Weick,24,male,2,own,little,little,2145,36,business,bad
952,Griswalda Schlager,28,female,2,rent,quite rich,moderate,4113,24,car,bad
953,Alfreda Huppert,26,female,3,own,little,NA,10974,36,furniture/equipment,bad
954,Joli Urlacher,29,female,2,own,little,little,1893,12,car,good
955,Bathilde Morgen,57,female,3,rent,rich,little,1231,24,radio/TV,good
956,Mitzi Mincks,49,male,1,own,NA,rich,3656,30,radio/TV,good
957,Maddalene Kruck,37,male,1,own,little,moderate,1154,9,radio/TV,good
958,Maddalene Zipper,45,male,1,own,little,little,4006,28,car,bad
959,Ulka Kaden,30,male,2,free,moderate,moderate,3069,24,furniture/equipment,good
960,Lurlina Rater,30,male,2,rent,little,NA,1740,6,radio/TV,good
961,Jakobe Meinholz,47,male,2,own,little,moderate,2353,21,car,good
962,Anni Rheinheimer,29,male,2,own,NA,NA,3556,15,car,good
963,Lindie Demmin,35,male,2,own,quite rich,NA,2397,24,radio/TV,bad
964,Franziska Herschberger,22,male,1,own,little,moderate,454,6,repairs,good
965,Wilda Stuhler,26,female,2,own,NA,moderate,1715,30,radio/TV,good
966,Maddalene Katzenberg,23,male,1,own,quite rich,moderate,2520,27,radio/TV,bad
967,Rosamund Tannenbaum,54,female,3,rent,little,NA,3568,15,radio/TV,good
968,Luane Westfall,29,male,2,rent,NA,NA,7166,42,radio/TV,good
969,Winifride Raup,40,male,1,own,little,little,3939,11,car,good
970,Genevieve Heiges,22,male,2,own,moderate,moderate,1514,15,repairs,good
971,Adele Meger,43,male,1,own,little,NA,7393,24,car,good
972,Magd Rusch,29,female,0,rent,little,little,1193,24,car,bad
973,Geneve Leininger,36,male,2,rent,little,little,7297,60,business,bad
974,Fredda Krebsbach,33,female,2,own,little,NA,2831,30,radio/TV,good
975,Edda Pamperin,57,female,1,own,quite rich,rich,1258,24,radio/TV,good
976,Erma Burkheimer,64,female,2,own,little,moderate,753,6,radio/TV,good
977,Magnilde Rothstein,42,male,2,own,NA,moderate,2427,18,business,good
978,Gricelda Drummer,47,male,1,own,little,NA,2538,24,car,bad
979,Eadaion Escher,25,male,2,rent,moderate,moderate,1264,15,car,bad
980,Karleigh Minge,49,male,2,own,little,moderate,8386,30,furniture/equipment,bad
981,Lorah Exner,33,male,3,rent,little,NA,4844,48,business,bad
982,Elsje Libbert,28,female,3,own,moderate,rich,2923,21,car,good
983,Norberta Eger,26,male,2,own,little,little,8229,36,car,bad
984,Maritza Kalthoff,30,male,1,own,little,NA,2028,24,furniture/equipment,good
985,Fredrika Fleischhacker,25,female,2,rent,little,little,1433,15,furniture/equipment,good
986,Alice Pistorius,33,male,2,own,little,rich,6289,42,business,good
987,Hulda Knauf,64,female,2,own,moderate,NA,1409,13,radio/TV,good
988,Verina Fabrizius,29,male,3,free,little,little,6579,24,car,good
989,Marlisa Limmer,48,male,1,own,little,moderate,1743,24,radio/TV,good
990,Jakoba Kassing,37,male,1,own,NA,NA,3565,12,education,good
991,Arabella Birner,34,male,1,own,moderate,NA,1569,15,radio/TV,good
992,Maddalen Gobel,23,male,1,rent,NA,little,1936,18,radio/TV,good
993,Hulde Mecklenburg,30,male,3,own,little,little,3959,36,furniture/equipment,good
994,Otthilda Dull,50,male,2,own,NA,NA,2390,12,car,good
995,Bertina Lulay,31,female,1,own,little,NA,1736,12,furniture/equipment,good
996,Griswalda Schlager,40,male,3,own,little,little,3857,30,car,good
997,Alfreda Huppert,38,male,2,own,little,NA,804,12,radio/TV,good
998,Joli Urlacher,23,male,2,free,little,little,1845,45,radio/TV,bad
999,Bathilde Morgen,27,male,2,own,moderate,moderate,4576,45,car,good
